"","F1","F2","F3","F4","F5","F6","F7","F8","F9","F10","F11","F12","Construct"
"PE1",0.111961155646235,-0.0607063502782588,0.0403285301167038,0.0492199889169414,0.00195129340153654,0.830528534682604,-0.131259027472135,0.00569003359405749,0.0489652863005263,0.0934092183036327,0.0923712405084379,0.0176757295907312,"PE"
"PE2",0.331995980678395,0.122007377871793,0.0555379882416544,-0.0704169422336926,-0.0254729547190347,0.124385001249726,-0.0181669034715081,-0.0384641013513355,-0.0774431305739827,-0.0568538054053178,0.772978954997751,-0.029042572622031,"PE"
"EE1",-0.0816596754015661,-0.0328117379178847,0.0574707240903768,1.13998827833969,0.00523363980145237,0.0446153863797727,-0.143768962504153,-0.0817889518440229,-0.0298824692018372,-0.0552484483355708,-0.052662435307478,-0.0689975381847708,"EE"
"EE2",0.0831194877542132,0.216360858667451,0.0144223745803924,0.531906604965481,-0.0772717088089576,-0.0769517372940616,0.0708466641940332,0.121345364738934,0.0118852710469144,-0.00261989385980967,-0.00410995761055677,0.0764885297088184,"EE"
"SI1",0.396461312307823,-0.0337411455947952,0.124221101560274,-0.00764224095828691,0.00453914640403408,-0.0297216964152227,0.12121286771561,-0.0149487862789898,0.593230279757447,0.0287622259470622,-0.0410589642144272,-0.038309843745536,"SI"
"SI2",0.323523312777032,0.248006796292863,-0.0319327283592118,-0.0677741208507871,-0.020042306882685,0.179476757588128,-0.00985435670635744,-0.0414425493965722,0.42622048631813,-0.094587346049999,-0.055527883122374,0.00827951570495892,"SI"
"FC1",-0.161535451745373,0.949908239106715,-0.00725680871264128,-0.0162442294309276,0.0550657288479846,0.00195351954903666,0.0111455186861399,0.0352417634409969,-0.0381948163520856,0.0115729009076996,0.0670447388802081,0.100339560020472,"FC"
"FC2",0.176096441087401,0.83678385594806,0.073925151463968,-0.045333207838265,-0.0820620448064019,-0.0143047547102016,-0.0588415742863647,0.0438677541451551,-0.0271815210199973,0.0106061025787034,-0.0357615014317284,0.500464765529481,"FC"
"HM1",1.10084046948036,-0.100423506769693,-0.0151960466944335,0.0231292027242851,-0.00418272017144079,-0.0734783723399506,-0.216920562811184,0.0285554538410317,0.0806669707130337,0.0889507843060295,-0.0982718904955973,0.0733351811946231,"HM"
"HM2",1.00738658190835,-0.0799875812701835,0.0789301016702761,-0.0983149168164801,-0.0282613932398702,-0.154601523958092,-0.0494729369833544,-0.010521089611023,-0.0126748781187334,-0.00136727453566495,0.19019532915206,-0.00505842039832541,"HM"
"PV1",0.544863584215695,-0.0767447881126477,0.0573901021494448,0.117585956095014,0.0337160962243086,0.0517361746271275,0.0252074971673216,0.268667878536026,0.0978032165035292,-0.0634374607356305,0.0675435587294367,0.0104535337941857,"PV"
"PV2",0.718667379618265,0.0575580097910525,-0.159015063291643,-0.0620499158414078,0.0833731233056854,0.0607516197893347,0.0825258753108923,0.534314997751364,-0.0623255623767335,-0.047863498968482,-0.0615507070999008,0.0283973128382723,"PV"
"HB1",0.107865638341883,-0.0263466881685668,0.80746076938836,0.135069902900201,0.0176086779907845,-0.0385382889934734,-0.00170689189036708,-0.0746118243381508,0.0694378170805176,-0.0265806336111826,0.0697570737890661,0.0328915905821345,"HB"
"HB2",0.182491941383943,0.0492144991356319,0.741151387695565,-0.0636318868976442,0.0345923082276676,0.0632770501029577,0.0198131941936071,-0.0509001436338788,0.0432892161899913,0.0842730467313781,-0.0474976473436974,0.019075625777662,"HB"
"VO1",0.423827830002423,-0.023087137945886,0.213053117612661,0.0170890621435163,0.00386847948866757,0.109291148410456,0.207825635442593,0.241578984206513,-0.0534219080778032,-0.0924372590754315,-0.0211039008966945,-0.0267128024866428,"VO"
"VO2",-0.046445822464582,-8.16483132091298e-05,0.0254337486103831,-0.099929366295999,-0.0587316640829116,-0.0917011348125996,0.902685729909254,-0.0314985508100295,0.0731713708105218,0.00633716257487135,-0.014070625791655,-0.0132918238509898,"VO"
"TR1",0.428645169020604,0.0620214397074552,0.0467883780271273,-0.0757450061851624,-0.0427922450136755,0.100490077052985,-0.00795947752151145,-0.0420327808577267,0.00214905218444512,0.634750374975682,-0.0518347025225644,0.0172080610789297,"TR"
"TR2",0.431322294322033,0.0344484189837638,0.0293194927151084,0.0265926976046592,0.0473454327249033,0.0404760237325522,0.126544138739557,0.143629222812649,-0.0692103448893062,0.36742110953851,-0.00920043054697221,-0.0708301226585514,"TR"
"EX1",0.215495160651483,0.450900025166719,-0.0422708046288143,0.101726452252915,0.0929360873595654,-0.139955764016261,0.0243380625762179,-0.0642062608710326,0.132068659083603,0.0524177451888687,0.0384537938858388,-0.154467130152585,"EX"
"EX2",0.270144639074086,0.0439779422933146,-0.0805498863027733,0.22806851964335,0.0189543204476841,0.121012121644462,0.21559977787296,-0.123850003042656,-0.0409271067813897,0.0683536882431729,0.0475952931503073,0.028196912701358,"EX"
"ER1",0.0498618115953111,0.139435233879251,0.073792619215441,-0.0265808701625641,0.760341703101649,0.0145978412256341,-0.148802863690107,0.0116036326388026,-0.078297268601808,-0.0259378846857228,-0.0544133417566674,-0.189431233378219,"ER"
"ER2",-0.0685759810490793,-0.0274235289492475,-0.0454135071551599,0.0410409563693312,0.468746334209032,0.0445233550385941,0.187368855638171,-0.331057932766017,0.00539091467162206,-0.0466681465364026,-0.0098048770881161,-0.0178461337503042,"ER"
"AX1",-0.256559389121618,-0.0239020599906773,0.0585534713948435,-0.0266920461610993,0.520471553944804,-0.0161416026117499,0.0476936041381536,-0.168786561107789,-0.11734822216979,-0.0417884697467889,-0.0447573208935035,0.117257827151608,"AX"
"AX2",0.0913580879784006,-0.0770484267364728,-0.0535561283146714,0.000609400156418586,0.669941378503067,-0.0420320298106999,-0.0417671593814642,0.0849936577730887,0.191923186955416,0.0663615986026343,0.091995416239464,0.040337733376237,"AX"
